<?xml version="1.0" encoding="UTF-8"?>
<!DOCTYPE mapper PUBLIC "-//mybatis.org//DTD Mapper 3.0//EN" "http://mybatis.org/dtd/mybatis-3-mapper.dtd">
<mapper namespace="com.yuu.recruit.mapper.TaskMapper">
  <resultMap id="BaseResultMap" type="com.yuu.recruit.domain.Task">
    <!--@mbg.generated generated on Wed Oct 16 19:28:51 CST 2019.-->
    <id column="id" jdbcType="BIGINT" property="id" />
    <result column="category_id" jdbcType="BIGINT" property="categoryId" />
    <result column="employer_id" jdbcType="BIGINT" property="employerId" />
    <result column="task_title" jdbcType="VARCHAR" property="taskTitle" />
    <result column="task_profile" jdbcType="VARCHAR" property="taskProfile" />
    <result column="task_desc" jdbcType="LONGVARCHAR" property="taskDesc" />
    <result column="fees_low" jdbcType="DOUBLE" property="feesLow" />
    <result column="fees_high" jdbcType="DOUBLE" property="feesHigh" />
    <result column="fees_file" jdbcType="VARCHAR" property="feesFile" />
    <result column="filename" jdbcType="VARCHAR" property="filename" />
    <result column="employee_id" jdbcType="BIGINT" property="employeeId" />
    <result column="task_price" jdbcType="DOUBLE" property="taskPrice" />
    <result column="task_status" jdbcType="TINYINT" property="taskStatus" />
    <result column="close_time" jdbcType="TIMESTAMP" property="closeTime" />
    <result column="bid_time" jdbcType="TIMESTAMP" property="bidTime" />
    <result column="create_time" jdbcType="TIMESTAMP" property="createTime" />
  </resultMap>
  <sql id="Base_Column_List">
    <!--@mbg.generated generated on Wed Oct 16 19:28:51 CST 2019.-->
    id, category_id, employer_id, task_title, task_profile, task_desc, fees_low, fees_high,
    fees_file, filename, employee_id, task_price, task_status, close_time, bid_time,
    create_time
  </sql>
</mapper>
